ip_hash,risk_level,risk_score,location
d6b873655f625803e00fdc4a3e1f05c886da747b4cad4c731b9f559858393775,medium,5,Region-4
102f56b53729649ef8af97b233753fda4538e8630efc209c8a184933922281ae,low,3,Region-4
f876e7cda20178b54eae2243adc4d2c6e9d561ea89fb0aa799ebe114167ed0b1,medium,7,Region-5
6b77e068cbc050d106cf63394a2483df10a45c2d1e3db202a4e0c534218a326a,high,9,Region-1
a45f4e4f577e4736d929e87208394ee22b05dcf7006b5a1e23661076fdc319e5,low,2,Region-5
d538ca8285d0ffc0764a3ffa79da6bda6eb089840a5b46e17aae69921858c675,high,10,Region-5
6bb95ee5216703f173099bcac7ae5a9acd2dc2aea54bcdd2feb55173196503e3,medium,4,Region-2
65e634e9f9db554383e28734f75d0b98b46740b3e17fac15d15fc9dccbf7931f,low,2,Region-1
1ca3cdcf2117e6a774676ad69df6d5d22d3fd65a3286951408e3bd989bf9aed3,medium,5,Region-3
d1a1acf39498e559d0f3f7aec809f77f193d74fb0426dba87b5e4025da696892,high,9,Region-4
f9aad3acfe500cf883250c2fd9aa07879c39413869e7ccad7d1b2fecd07caf6b,medium,5,Region-1
8c8f5f0ec9be84f13944b9fb982836a2066a3e8cf3994cf44d768246a99ed118,medium,4,Region-4
834772cc9457593d0e167d56ab5b1349c9693fd15087a4d7cadd1b0e5a582e90,low,2,Region-2
b3625890abe0ae8be916b3715e542d06834d8c19c16fd50f4cb4129a3013da32,high,10,Region-3
5ffd2eb91caec989686ea95ed21471be4972d9e82f0de888c94738eaab700a82,medium,7,Region-3
4388d36912b98fb245b3ae29198514fc952326c45c0421a021c1205c9da8d563,high,8,Region-1
f4ed1f05c7c7abe473766350dbef1b0e1d269a3aa21394e3975a7f73aaabb8bc,medium,7,Region-4
f1def34e0b8abd183269ab8a4c7d3bd5bd2607f453b059fdc2ad842617fe05b4,medium,7,Region-1
f3bca288e13e4e74d5e8b4b5be706aed684317278265f8bded67c2c3703625f1,low,1,Region-4
232701295cf8a1993dd01bf47c82f08a0a8bc58160cd668b227079c55814ff1d,low,2,Region-5
23177ac238fe8fa249b769c2b81b13ff08d7e52677922bb586d73f3b9f128f4c,high,10,Region-5
6ef21764708adde2a9cb1e7604790c1353f54fe5833d666c6b2b1f74284180c0,low,3,Region-1
66fdee9b2581db876df879b0f4c5c629808a50296e4961c7da97e0d867c17fc9,low,3,Region-3
add4839b22a7ded09502665cdb662c5c7eb6986b7c4798bf1d2c9be4eddaf971,high,8,Region-4
0bfaed7908d386d37f12e7ccd622783290888e3b863a63fb8e22b6e0231a2927,high,10,Region-2
798c79bda20941f73ad9d1f5d2f447ca14831409f9d51f0083fd02a552ef2774,high,10,Region-2
c09788fb5e55cc6f890038c4fa50c5c6d0650ba15a8375c99bf6936d9fd28364,low,3,Region-1
8c98b8f22ee176e3ae8e08157f7cf7e4d9a21d3df93ea3689cff0680375ae851,high,10,Region-2
0326e0039028d59eb298046a478e9b6ae581e11f33dd882026d8c5a4d5923c44,high,10,Region-4
7cf24f2861f217057ddf785eaf372ae662b25f94d35bfc68931725a4ddb7e1f0,low,3,Region-4
7e716e14f0b8116f4d952a72cc4611ddbf24137100475ed6c1a6c58c0d4e6628,medium,6,Region-1
57d3bcf9d759b5e63d61b91336d3789391e0bcf64687ab39b0b919ba34da3453,medium,4,Region-5
db841a8879b3b28adc563b212cb52a0796634f165a3da52403989c0bf073d5a7,high,9,Region-1
26baa45d842a98ef1b11621f237b9990581cb88af1a02166a43582c9f8d962ec,high,8,Region-2
e48a3c50d261c5fafce8bfb83fd06195044e938b29bcd8b2a88633737045b19a,high,10,Region-4
202d73d27da93b727c6dfed556b14a27404f5ac6306c5ff2a3cab62ea1a300e5,medium,7,Region-2
999b8f85f86b9b1160f2229fac13b862f6304fe6f091cb490147219982f62de3,medium,4,Region-4
26dc2e42623d53eb21612f1464a42488172264392ed79fdab3a68b29bf526c99,low,3,Region-1
4bdf7aee61b42881c6a445e1098fd83c993f509a2470937218b86db60455357e,low,3,Region-4
a36f655d835db3ff0fc92db74eff8f5398f7f7cf0e2e001b533ded54f01c5631,medium,5,Region-2
8dcfbc00cfa98ec3c40135fabc8d5948ef9096ff2e5d5213839f1f3710e0579a,high,9,Region-1
989a980255c157b3ebef3d49316da0bc359680de85061f625cc36bfd966bf8c9,low,1,Region-5
d86f49d3f01c5787e93c2c06651f6d7a9cbe8cc29ebd13b99abb063f5bdc60e9,low,1,Region-1
fca8043b6b54bb1729b45a25ec1fb8a6c9767357134a24e08d013eb320325890,medium,4,Region-5
6b44b288bbf834161a5a0d33b4bc018a340ae53dde542883aacd303a5ac3ac4c,medium,4,Region-3
70976b6f4a2374bb8f1dfd2e8eb3d884bd5e963599af118d6dbf0ddb02424c63,low,2,Region-1
0b58f698c299e9bce7ca16b6dcf07ba20979912387147b790347310ea3b99fd5,low,1,Region-1
119b16230877f9b72f7b4f2d9a8e421f6c462de704f95cd090c69a4a95bb7096,medium,4,Region-2
df4b28dbfe29f383fb8cda046362b36cb4f3c2954c2c229faf113825a8ee0135,medium,5,Region-2
dcbfcdfd466b97010c6b80da3462e2e67c222f7518f36af1c8923b5ac5a9d6bc,medium,7,Region-3
